Owned	OpenLibrary edition URL	OL edition short URL	ePub URL	ePub short URL	Amazon Kindle URL 1	Amazon Kindle short URL
1	http://openlibrary.org/books/OL24929895M/Pudd'nhead_Wilson_and_Those_extraordinary_twins	http://bit.ly/1dDNk9m	https://archive.org/download/puddnheadwilsont00twai/puddnheadwilsont00twai.epub	http://bit.ly/1dDNjCu	https://www.amazon.com/gp/digital/fiona/web-to-kindle?clientid=IA&itemid=puddnheadwilsont00twai&docid=puddnheadwilsont00twai	http://amzn.to/LxH5Ks
1	http://openlibrary.org/books/OL6644252M/The_mysterious_stranger_and_other_stories	http://bit.ly/1dDNxtc	https://archive.org/download/cu31924006013092/cu31924006013092.epub	http://bit.ly/1dDNwWa	https://www.amazon.com/gp/digital/fiona/web-to-kindle?clientid=IA&itemid=cu31924006013092&docid=cu31924006013092	http://amzn.to/LxHhJF
1	http://openlibrary.org/books/OL23342362M/The_story_of_King_Arthur_and_his_knights	http://bit.ly/1dDLcyl	https://archive.org/download/storyofkingarthu22pyle/storyofkingarthu22pyle.epub	http://bit.ly/1dDLc1x	https://www.amazon.com/gp/digital/fiona/web-to-kindle?clientid=IA&itemid=storyofkingarthu22pyle&docid=storyofkingarthu22pyle	http://amzn.to/LxG84A
1	http://openlibrary.org/books/OL7108423M/The_rise_of_Silas_Lapham.	http://bit.ly/1dDJIUQ	https://archive.org/download/riseofsilaslapha02howeuoft/riseofsilaslapha02howeuoft.epub	http://bit.ly/1dDJGwr	https://www.amazon.com/gp/digital/fiona/web-to-kindle?clientid=IA&itemid=riseofsilaslapha02howeuoft&docid=riseofsilaslapha02howeuoft	http://amzn.to/LxFyE5
1	http://openlibrary.org/books/OL7108423M/The_rise_of_Silas_Lapham.	http://bit.ly/1dDJIUQ	https://archive.org/download/riseofsilaslapha02howeuoft/riseofsilaslapha02howeuoft.epub	http://bit.ly/1dDJGwr	https://www.amazon.com/gp/digital/fiona/web-to-kindle?clientid=IA&itemid=riseofsilaslapha02howeuoft&docid=riseofsilaslapha02howeuoft	http://amzn.to/LxFyE5
1	http://openlibrary.org/books/OL14014816M/Women_in_love.	http://bit.ly/1dDKEsn	https://archive.org/download/inlovewomen00lawrrich/inlovewomen00lawrrich.epub	http://bit.ly/1dDKAZG	https://www.amazon.com/gp/digital/fiona/web-to-kindle?clientid=IA&itemid=inlovewomen00lawrrich&docid=inlovewomen00lawrrich	http://amzn.to/LxFUKQ
1	http://openlibrary.org/books/OL24606092M/Daniel_Deronda	http://bit.ly/1dDJ0ab	https://archive.org/download/danielderonda18761elio/danielderonda18761elio.epub	http://bit.ly/1dDIZDj	https://www.amazon.com/gp/digital/fiona/web-to-kindle?clientid=IA&itemid=danielderonda18761elio&docid=danielderonda18761elio	http://amzn.to/LxFioI
1	http://openlibrary.org/books/OL24348229M/Emma	http://bit.ly/1dDHchp	https://archive.org/download/emmaaus00aust/emmaaus00aust.epub	http://bit.ly/1dDHc0Q	https://www.amazon.com/gp/digital/fiona/web-to-kindle?clientid=IA&itemid=emmaaus00aust&docid=emmaaus00aust	http://amzn.to/LxEq3s
1	http://openlibrary.org/books/OL24197301M/Lord_Jim	http://bit.ly/1dDHYep	https://archive.org/download/lordjimconr00conr/lordjimconr00conr.epub	http://bit.ly/1dDHXHi	https://www.amazon.com/gp/digital/fiona/web-to-kindle?clientid=IA&itemid=lordjimconr00conr&docid=lordjimconr00conr	http://amzn.to/LxEOPd
1	http://openlibrary.org/books/OL7154326M/The_Odyssey	http://bit.ly/1dDJHQS	https://archive.org/download/odysseyo00homerich/odysseyo00homerich.epub	http://bit.ly/1dDJFZd	https://www.amazon.com/gp/digital/fiona/web-to-kindle?clientid=IA&itemid=odysseyo00homerich&docid=odysseyo00homerich	http://amzn.to/LxFy6X
1	http://openlibrary.org/books/OL6653558M/Tales_from_Shakespeare	http://bit.ly/1dDKxx7	https://archive.org/download/cu31924097261352/cu31924097261352.epub	http://bit.ly/1dDKx01	https://www.amazon.com/gp/digital/fiona/web-to-kindle?clientid=IA&itemid=cu31924097261352&docid=cu31924097261352	http://amzn.to/LxFSm9
1	http://openlibrary.org/books/OL7152710M/Tarzan_of_the_Apes	http://bit.ly/1dDHEMD	https://archive.org/download/tarzanofapes00burruoft/tarzanofapes00burruoft.epub	http://bit.ly/1dDHGEh	https://www.amazon.com/gp/digital/fiona/web-to-kindle?clientid=IA&itemid=tarzanofapes00burruoft&docid=tarzanofapes00burruoft	http://amzn.to/LxECj6
1	http://openlibrary.org/books/OL6610749M/My_A%CC%81ntonia	http://bit.ly/1dDHMvD	https://archive.org/download/cu31924014256816/cu31924014256816.epub	http://bit.ly/1dDHKDT	https://www.amazon.com/gp/digital/fiona/web-to-kindle?clientid=IA&itemid=cu31924014256816&docid=cu31924014256816	http://amzn.to/LxEIr1
1	http://openlibrary.org/books/OL7080586M/David_Copperfield	http://bit.ly/1dDIjxJ	https://archive.org/download/davidcopperfield00dick/davidcopperfield00dick.epub	http://bit.ly/1dDIhG0	https://www.amazon.com/gp/digital/fiona/web-to-kindle?clientid=IA&itemid=davidcopperfield00dick&docid=davidcopperfield00dick	http://amzn.to/LxF0xV
1	http://openlibrary.org/books/OL23359809M/White_Fang	http://bit.ly/1dDKKjT	https://archive.org/download/whitefang00lond/whitefang00lond.epub	http://bit.ly/1dDKK3b	https://www.amazon.com/gp/digital/fiona/web-to-kindle?clientid=IA&itemid=whitefang00lond&docid=whitefang00lond	http://amzn.to/LxFUdP
1	http://openlibrary.org/books/OL7183411M/The_adventures_of_Tom_Sawyer	http://bit.ly/1dDNrC1	https://archive.org/download/adventuresoftoms00twai2/adventuresoftoms00twai2.epub	http://bit.ly/1dDNoGh	https://www.amazon.com/gp/digital/fiona/web-to-kindle?clientid=IA&itemid=adventuresoftoms00twai2&docid=adventuresoftoms00twai2	http://amzn.to/LxHdJT
1	http://openlibrary.org/books/OL24786280M/Bulfinch's_mythology	http://bit.ly/1dDHAg1	https://archive.org/download/bulfinchsmytholo1913bulf/bulfinchsmytholo1913bulf.epub	http://bit.ly/1dDHzZs	https://www.amazon.com/gp/digital/fiona/web-to-kindle?clientid=IA&itemid=bulfinchsmytholo1913bulf&docid=bulfinchsmytholo1913bulf	http://amzn.to/LxEBvt
1	http://openlibrary.org/books/OL6554978M/Cyrano_de_Bergerac	http://bit.ly/1dDLjtU	https://archive.org/download/cyranodebergera00kinggoog/cyranodebergera00kinggoog.epub	http://bit.ly/1dDLhSG	https://www.amazon.com/gp/digital/fiona/web-to-kindle?clientid=IA&itemid=cyranodebergera00kinggoog&docid=cyranodebergera00kinggoog	http://amzn.to/LxGath
1	http://openlibrary.org/books/OL24173626M/The_posthumous_papers_of_the_Pickwick_Club	http://bit.ly/1dDIzwJ	https://archive.org/download/cu31924013472695/cu31924013472695.epub	http://bit.ly/1dDIAAz	https://www.amazon.com/gp/digital/fiona/web-to-kindle?clientid=IA&itemid=cu31924013472695&docid=cu31924013472695	http://amzn.to/LxF9Bv
1	http://openlibrary.org/books/OL23331414M/The_scarlet_letter	http://bit.ly/1dDJD3z	https://archive.org/download/scarletletterhou00hawtuoft/scarletletterhou00hawtuoft.epub	http://bit.ly/1dDJCMU	https://www.amazon.com/gp/digital/fiona/web-to-kindle?clientid=IA&itemid=scarletletterhou00hawtuoft&docid=scarletletterhou00hawtuoft	http://amzn.to/LxFx33
1	http://openlibrary.org/books/OL23267041M/The_jungle_book.	http://bit.ly/1dDKv8n	https://archive.org/download/cu31924014517266/cu31924014517266.epub	http://bit.ly/1dDKuBq	https://www.amazon.com/gp/digital/fiona/web-to-kindle?clientid=IA&itemid=cu31924014517266&docid=cu31924014517266	http://amzn.to/LxFR1C
1	http://openlibrary.org/books/OL14000611M/Clarissa	http://bit.ly/1dDLipG	https://archive.org/download/clarissaorhistor08richuoft/clarissaorhistor08richuoft.epub	http://bit.ly/1dDLeWY	https://www.amazon.com/gp/digital/fiona/web-to-kindle?clientid=IA&itemid=clarissaorhistor08richuoft&docid=clarissaorhistor08richuoft	http://amzn.to/LxG7hg
1	http://openlibrary.org/books/OL24970203M/Macbeth	http://bit.ly/1dDM1Y1	https://archive.org/download/macbeth08shak/macbeth08shak.epub	http://bit.ly/1dDM1HD	https://www.amazon.com/gp/digital/fiona/web-to-kindle?clientid=IA&itemid=macbeth08shak&docid=macbeth08shak	http://amzn.to/LxGrwr
1	http://openlibrary.org/books/OL6911543M/Up_from_slavery	http://bit.ly/1dDNJbS	https://archive.org/download/cu31924026422331/cu31924026422331.epub	http://bit.ly/1dDNGg8	https://www.amazon.com/gp/digital/fiona/web-to-kindle?clientid=IA&itemid=cu31924026422331&docid=cu31924026422331	http://amzn.to/LxHjRQ
1	http://openlibrary.org/books/OL7042146M/..._An_old_Babylonian_version_of_the_Gilgamesh_epic_on_the_basis_of_recently_discovered_texts	http://bit.ly/1dDGJf7	https://archive.org/download/anoldbabylonianv00jastuoft/anoldbabylonianv00jastuoft.epub	http://bit.ly/1dDGKje	https://www.amazon.com/gp/digital/fiona/web-to-kindle?clientid=IA&itemid=anoldbabylonianv00jastuoft&docid=anoldbabylonianv00jastuoft	http://amzn.to/LxEgJm
1	http://openlibrary.org/books/OL1175196M/Little_women_or_Meg_Jo_Beth_and_Amy	http://bit.ly/1dDH5T0	https://archive.org/download/littlewomenormeg01alco/littlewomenormeg01alco.epub	http://bit.ly/1dDH3KP	https://www.amazon.com/gp/digital/fiona/web-to-kindle?clientid=IA&itemid=littlewomenormeg01alco&docid=littlewomenormeg01alco	http://amzn.to/LxEkZs
1	http://openlibrary.org/books/OL23269285M/Adventures_of_Sherlock_Holmes	http://bit.ly/1dDIHw8	https://archive.org/download/adventuresofsher00doylrich/adventuresofsher00doylrich.epub	http://bit.ly/1dDIIQM	https://www.amazon.com/gp/digital/fiona/web-to-kindle?clientid=IA&itemid=adventuresofsher00doylrich&docid=adventuresofsher00doylrich	http://amzn.to/LxFc08
1	http://openlibrary.org/books/OL24653097M/Middlemarch	http://bit.ly/1dDJ1uT	https://archive.org/download/middlemarchstudy1881elio/middlemarchstudy1881elio.epub	http://bit.ly/1dDJ0H6	https://www.amazon.com/gp/digital/fiona/web-to-kindle?clientid=IA&itemid=middlemarchstudy1881elio&docid=middlemarchstudy1881elio	http://amzn.to/LxFlRk
1	http://openlibrary.org/books/OL24834324M/Ivanhoe...	http://bit.ly/1dDLkxU	https://archive.org/download/ivanhoe01scot/ivanhoe01scot.epub	http://bit.ly/1dDLkho	https://www.amazon.com/gp/digital/fiona/web-to-kindle?clientid=IA&itemid=ivanhoe01scot&docid=ivanhoe01scot	http://amzn.to/LxG98X
1	http://openlibrary.org/books/OL7068580M/Pygmalion	http://bit.ly/1dDMz05	https://archive.org/download/pygmalionplayinf00shawrich/pygmalionplayinf00shawrich.epub	http://bit.ly/1dDMBoC	https://www.amazon.com/gp/digital/fiona/web-to-kindle?clientid=IA&itemid=pygmalionplayinf00shawrich&docid=pygmalionplayinf00shawrich	http://amzn.to/LxGSqu
1	http://openlibrary.org/books/OL22893810M/The_song_of_Roland	http://bit.ly/1dDGMHR	https://archive.org/download/songofroland00bacouoft/songofroland00bacouoft.epub	http://bit.ly/1dDGLDO	https://www.amazon.com/gp/digital/fiona/web-to-kindle?clientid=IA&itemid=songofroland00bacouoft&docid=songofroland00bacouoft	http://amzn.to/LxEgZS
1	http://openlibrary.org/books/OL24152480M/Little_men	http://bit.ly/1dDH29V	https://archive.org/download/cu31924005395334/cu31924005395334.epub	http://bit.ly/1dDH1Tc	https://www.amazon.com/gp/digital/fiona/web-to-kindle?clientid=IA&itemid=cu31924005395334&docid=cu31924005395334	http://amzn.to/LxEjoi
1	http://openlibrary.org/books/OL24971716M/Mr._William_Butler_Yeats_introduces_the_poetical_works_of_William_Blake	http://bit.ly/1dDHpkS	https://archive.org/download/mrwilliambutlery00blak/mrwilliambutlery00blak.epub	http://bit.ly/1dDHrsT	https://www.amazon.com/gp/digital/fiona/web-to-kindle?clientid=IA&itemid=mrwilliambutlery00blak&docid=mrwilliambutlery00blak	http://amzn.to/LxEy2K
1	http://openlibrary.org/books/ia:redbadgeofcourag1895cran/The_red_badge_of_courage_an_episode_of_the_American_civil_war	http://bit.ly/1dDI59U	https://archive.org/download/redbadgeofcourag1895cran/redbadgeofcourag1895cran.epub	http://bit.ly/1dDI45R	https://www.amazon.com/gp/digital/fiona/web-to-kindle?clientid=IA&itemid=redbadgeofcourag1895cran&docid=redbadgeofcourag1895cran	http://amzn.to/LxETCK
1	http://openlibrary.org/books/OL529327M/Two_years_before_the_mast	http://bit.ly/1dDI85v	https://archive.org/download/twoyearsbeforema02dana/twoyearsbeforema02dana.epub	http://bit.ly/1dDI7ON	https://www.amazon.com/gp/digital/fiona/web-to-kindle?clientid=IA&itemid=twoyearsbeforema02dana&docid=twoyearsbeforema02dana	http://amzn.to/LxETTf
1	http://openlibrary.org/books/OL24348595M/A_journal_of_the_plague_year	http://bit.ly/1dDIadt	https://archive.org/download/journalofplagu00defo/journalofplagu00defo.epub	http://bit.ly/1dDI71p	https://www.amazon.com/gp/digital/fiona/web-to-kindle?clientid=IA&itemid=journalofplagu00defo&docid=journalofplagu00defo	http://amzn.to/LxEUGD
1	http://openlibrary.org/books/OL6582655M/A_Christmas_carol_and_The_cricket_on_the_hearth	http://bit.ly/1dDIfhn	https://archive.org/download/christmascarolcr01dick/christmascarolcr01dick.epub	http://bit.ly/1dDIclE	https://www.amazon.com/gp/digital/fiona/web-to-kindle?clientid=IA&itemid=christmascarolcr01dick&docid=christmascarolcr01dick	http://amzn.to/LxEY9p
1	http://openlibrary.org/books/OL24173648M/The_hound_of_the_Baskervilles	http://bit.ly/1dDIKbb	https://archive.org/download/cu31924013342476/cu31924013342476.epub	http://bit.ly/1dDII3d	https://www.amazon.com/gp/digital/fiona/web-to-kindle?clientid=IA&itemid=cu31924013342476&docid=cu31924013342476	http://amzn.to/LxFeFp
1	http://openlibrary.org/books/OL24155174M/The_lost_world	http://bit.ly/1dDIKYV	https://archive.org/download/cu31924073426144/cu31924073426144.epub	http://bit.ly/1dDILvO	https://www.amazon.com/gp/digital/fiona/web-to-kindle?clientid=IA&itemid=cu31924073426144&docid=cu31924073426144	http://amzn.to/LxFcNL
1	http://openlibrary.org/books/OL24473704M/The_sign_of_four	http://bit.ly/1dDIN6X	https://archive.org/download/signoffour00doyluoft/signoffour00doyluoft.epub	http://bit.ly/1dDIOrt	https://www.amazon.com/gp/digital/fiona/web-to-kindle?clientid=IA&itemid=signoffour00doyluoft&docid=signoffour00doyluoft	http://amzn.to/LxFd4b
1	http://openlibrary.org/books/OL14039955M/The_Count_of_Monte_Cristo_Vol._I	http://bit.ly/1dDIR6G	https://archive.org/download/romancesofalexan46duma/romancesofalexan46duma.epub	http://bit.ly/1dDIQ2s	https://www.amazon.com/gp/digital/fiona/web-to-kindle?clientid=IA&itemid=romancesofalexan46duma&docid=romancesofalexan46duma	http://amzn.to/LxFdBb
1	http://openlibrary.org/books/OL24337748M/Ramona	http://bit.ly/1dDJWeR	https://archive.org/download/ramonastory00jack/ramonastory00jack.epub	http://bit.ly/1dDJYDq	https://www.amazon.com/gp/digital/fiona/web-to-kindle?clientid=IA&itemid=ramonastory00jack&docid=ramonastory00jack	http://amzn.to/LxFDaT
1	http://openlibrary.org/books/OL14048465M/The_Wings_of_the_Dove	http://bit.ly/1dDKi4Z	https://archive.org/download/wingsofdove01jameuoft/wingsofdove01jameuoft.epub	http://bit.ly/1dDKktJ	https://www.amazon.com/gp/digital/fiona/web-to-kindle?clientid=IA&itemid=wingsofdove01jameuoft&docid=wingsofdove01jameuoft	http://amzn.to/LxFMuW
1	http://openlibrary.org/books/OL14018926M/Le_morte_Darthur	http://bit.ly/1dDKJfO	https://archive.org/download/lemortedarthur00malorich/lemortedarthur00malorich.epub	http://bit.ly/1dDKIIP	https://www.amazon.com/gp/digital/fiona/web-to-kindle?clientid=IA&itemid=lemortedarthur00malorich&docid=lemortedarthur00malorich	http://amzn.to/LxFW5y
1	http://openlibrary.org/books/OL24932219M/The_Republic._The_Statesman_of_Plato_...	http://bit.ly/1dDL2XU	https://archive.org/download/republicstatesma00plat/republicstatesma00plat.epub	http://bit.ly/1dDL2qW	https://www.amazon.com/gp/digital/fiona/web-to-kindle?clientid=IA&itemid=republicstatesma00plat&docid=republicstatesma00plat	http://amzn.to/LxG1Gm
1	http://openlibrary.org/books/OL24607427M/The_mysteries_of_Udolpho	http://bit.ly/1dDLeq2	https://archive.org/download/mysteriesofudolp00radc/mysteriesofudolp00radc.epub	http://bit.ly/1dDLe9B	https://www.amazon.com/gp/digital/fiona/web-to-kindle?clientid=IA&itemid=mysteriesofudolp00radc&docid=mysteriesofudolp00radc	http://amzn.to/LxG70x
1	http://openlibrary.org/books/OL24970622M/Love's_labour's_lost	http://bit.ly/1dDM0Ds	https://archive.org/download/loveslabourslost1901shak/loveslabourslost1901shak.epub	http://bit.ly/1dDM06t	https://www.amazon.com/gp/digital/fiona/web-to-kindle?clientid=IA&itemid=loveslabourslost1901shak&docid=loveslabourslost1901shak	http://amzn.to/LxGqZv
1	http://openlibrary.org/books/OL6638197M/Kidnapped	http://bit.ly/1dDMJEO	https://archive.org/download/cu31924013553668/cu31924013553668.epub	http://bit.ly/1dDMJoj	https://www.amazon.com/gp/digital/fiona/web-to-kindle?clientid=IA&itemid=cu31924013553668&docid=cu31924013553668	http://amzn.to/LxGWqb
1	http://openlibrary.org/books/OL24197393M/Dracula	http://bit.ly/1dDMRUL	https://archive.org/download/dracula00stok/dracula00stok.epub	http://bit.ly/1dDMOIy	https://www.amazon.com/gp/digital/fiona/web-to-kindle?clientid=IA&itemid=dracula00stok&docid=dracula00stok	http://amzn.to/LxGXKR
1	http://openlibrary.org/books/OL18082478M/St._Augustin's_confessions_or_Praises_of_God	http://bit.ly/1dDHbdu	https://archive.org/download/staugustinsconfe00augu/staugustinsconfe00augu.epub	http://bit.ly/1dDH9lQ	https://www.amazon.com/gp/digital/fiona/web-to-kindle?clientid=IA&itemid=staugustinsconfe00augu&docid=staugustinsconfe00augu	http://amzn.to/LxEpMJ
1	http://openlibrary.org/books/OL24173097M/Mansfield_Park	http://bit.ly/1dDHg0K	https://archive.org/download/cu31924013208404/cu31924013208404.epub	http://bit.ly/1dDHcOs	https://www.amazon.com/gp/digital/fiona/web-to-kindle?clientid=IA&itemid=cu31924013208404&docid=cu31924013208404	http://amzn.to/LxEqQO
1	http://openlibrary.org/books/OL7243598M/Lorna_Doone	http://bit.ly/1dDHoxl	https://archive.org/download/lornadooneromanc00blac/lornadooneromanc00blac.epub	http://bit.ly/1dDHnJL	https://www.amazon.com/gp/digital/fiona/web-to-kindle?clientid=IA&itemid=lornadooneromanc00blac&docid=lornadooneromanc00blac	http://amzn.to/LxEvUw
1	http://openlibrary.org/books/OL7171120M/Autobiography_of_Andrew_Carnegie.	http://bit.ly/1dDHGnL	https://archive.org/download/autobiographyofa00carn/autobiographyofa00carn.epub	http://bit.ly/1dDHFjR	https://www.amazon.com/gp/digital/fiona/web-to-kindle?clientid=IA&itemid=autobiographyofa00carn&docid=autobiographyofa00carn	http://amzn.to/LxEFv7
1	http://openlibrary.org/books/ia:chaucerscanterbu00chau/Chaucer's_Canterbury_tales	http://bit.ly/1dDHPrs	https://archive.org/download/chaucerscanterbu00chau/chaucerscanterbu00chau.epub	http://bit.ly/1dDHODO	https://www.amazon.com/gp/digital/fiona/web-to-kindle?clientid=IA&itemid=chaucerscanterbu00chau&docid=chaucerscanterbu00chau	http://amzn.to/LxEKiy
1	http://openlibrary.org/books/OL25183244M/The_life_and_strange_surprising_adventures_of_Robinson_Crusoe	http://bit.ly/1dDIaKF	https://archive.org/download/lifestrangesurprdefo/lifestrangesurprdefo.epub	http://bit.ly/1dDIau8	https://www.amazon.com/gp/digital/fiona/web-to-kindle?clientid=IA&itemid=lifestrangesurprdefo&docid=lifestrangesurprdefo	http://amzn.to/LxERKU
1	http://openlibrary.org/books/OL7125142M/The_fortunes_and_misfortunes_of_the_famous_Moll_Flanders	http://bit.ly/1dDIdWE	https://archive.org/download/fortunesandmisfo00defouoft/fortunesandmisfo00defouoft.epub	http://bit.ly/1dDIdpO	https://www.amazon.com/gp/digital/fiona/web-to-kindle?clientid=IA&itemid=fortunesandmisfo00defouoft&docid=fortunesandmisfo00defouoft	http://amzn.to/LxES1E
1	http://openlibrary.org/books/OL24651162M/A_tale_of_two_cities_and_The_uncommercial_traveller	http://bit.ly/1dDIhWw	https://archive.org/download/taleoftwocitiesa01dick/taleoftwocitiesa01dick.epub	http://bit.ly/1dDIfOq	https://www.amazon.com/gp/digital/fiona/web-to-kindle?clientid=IA&itemid=taleoftwocitiesa01dick&docid=taleoftwocitiesa01dick	http://amzn.to/LxEYGv
1	http://openlibrary.org/books/OL24741339M/Great_expectations	http://bit.ly/1dDIqcz	https://archive.org/download/greatexpectation04dick/greatexpectation04dick.epub	http://bit.ly/1dDIn0r	https://www.amazon.com/gp/digital/fiona/web-to-kindle?clientid=IA&itemid=greatexpectation04dick&docid=greatexpectation04dick	http://amzn.to/LxF1Cc
1	http://openlibrary.org/books/OL13513532M/The_life_and_adventures_of_Nicholas_Nickleby	http://bit.ly/1dDIsRL	https://archive.org/download/lifeadventuresofdickrich/lifeadventuresofdickrich.epub	http://bit.ly/1dDIsBg	https://www.amazon.com/gp/digital/fiona/web-to-kindle?clientid=IA&itemid=lifeadventuresofdickrich&docid=lifeadventuresofdickrich	http://amzn.to/LxF5Sk
1	http://openlibrary.org/books/OL24174316M/The_mystery_of_Edwin_Drood_and_Master_Humphrey's_clock	http://bit.ly/1dDIyIX	https://archive.org/download/cu31924013472414/cu31924013472414.epub	http://bit.ly/1dDIybW	https://www.amazon.com/gp/digital/fiona/web-to-kindle?clientid=IA&itemid=cu31924013472414&docid=cu31924013472414	http://amzn.to/LxF7cO
1	http://openlibrary.org/books/OL7043176M/Crime_and_punishment	http://bit.ly/1dDIDwf	https://archive.org/download/crimepunishment00dostiala/crimepunishment00dostiala.epub	http://bit.ly/1dDIAk8	https://www.amazon.com/gp/digital/fiona/web-to-kindle?clientid=IA&itemid=crimepunishment00dostiala&docid=crimepunishment00dostiala	http://amzn.to/LxF80u
1	http://openlibrary.org/books/OL6564679M/The_Mill_on_the_Floss	http://bit.ly/1dDJc9v	https://archive.org/download/millonfloss01doregoog/millonfloss01doregoog.epub	http://bit.ly/1dDJ8Xn	https://www.amazon.com/gp/digital/fiona/web-to-kindle?clientid=IA&itemid=millonfloss01doregoog&docid=millonfloss01doregoog	http://amzn.to/LxFmVj
1	http://openlibrary.org/books/OL6559984M/Fairy_tales_by_the_brothers_Grimm	http://bit.ly/1dDJmgZ	https://archive.org/download/fairytalesbybrot00grim/fairytalesbybrot00grim.epub	http://bit.ly/1dDJmO9	https://www.amazon.com/gp/digital/fiona/web-to-kindle?clientid=IA&itemid=fairytalesbybrot00grim&docid=fairytalesbybrot00grim	http://amzn.to/LxFq7y
1	http://openlibrary.org/books/OL24129083M/Far_from_the_madding_crowd.	http://bit.ly/1dDJrRO	https://archive.org/download/farfrommaddingcr00harduoft/farfrommaddingcr00harduoft.epub	http://bit.ly/1dDJqxk	https://www.amazon.com/gp/digital/fiona/web-to-kindle?clientid=IA&itemid=farfrommaddingcr00harduoft&docid=farfrommaddingcr00harduoft	http://amzn.to/LxFqEB
1	http://openlibrary.org/books/OL24152013M/The_mayor_of_Casterbridge	http://bit.ly/1dDJtcB	https://archive.org/download/cu31924014157451/cu31924014157451.epub	http://bit.ly/1dDJsW1	https://www.amazon.com/gp/digital/fiona/web-to-kindle?clientid=IA&itemid=cu31924014157451&docid=cu31924014157451	http://amzn.to/LxFqVe
1	http://openlibrary.org/books/OL24178481M/The_luck_of_Roaring_Camp	http://bit.ly/1dDJwoI	https://archive.org/download/cu31924021981059/cu31924021981059.epub	http://bit.ly/1dDJxsJ	https://www.amazon.com/gp/digital/fiona/web-to-kindle?clientid=IA&itemid=cu31924021981059&docid=cu31924021981059	http://amzn.to/LxFtjT
1	http://openlibrary.org/books/OL24338971M/The_house_of_the_seven_gables	http://bit.ly/1dDJAF0	https://archive.org/download/houseofsevengablhawth00hawt/houseofsevengablhawth00hawt.epub	http://bit.ly/1dDJAoo	https://www.amazon.com/gp/digital/fiona/web-to-kindle?clientid=IA&itemid=houseofsevengablhawth00hawt&docid=houseofsevengablhawth00hawt	http://amzn.to/LxFwMw
1	http://openlibrary.org/books/OL24185350M/The_Iliad_of_Homer	http://bit.ly/1dDJEo5	https://archive.org/download/cu31924031303757/cu31924031303757.epub	http://bit.ly/1dDJCfY	https://www.amazon.com/gp/digital/fiona/web-to-kindle?clientid=IA&itemid=cu31924031303757&docid=cu31924031303757	http://amzn.to/LxFxjD
1	http://openlibrary.org/books/OL24643510M/The_legend_of_Sleepy_Hollow	http://bit.ly/1dDJLQB	https://archive.org/download/legendofsleepyho06irvi/legendofsleepyho06irvi.epub	http://bit.ly/1dDJOf6	https://www.amazon.com/gp/digital/fiona/web-to-kindle?clientid=IA&itemid=legendofsleepyho06irvi&docid=legendofsleepyho06irvi	http://amzn.to/LxFB2E
1	http://openlibrary.org/books/OL7150093M/The_Bostonians	http://bit.ly/1dDK5il	https://archive.org/download/bostoniansnovel01jameuoft/bostoniansnovel01jameuoft.epub	http://bit.ly/1dDK2TM	https://www.amazon.com/gp/digital/fiona/web-to-kindle?clientid=IA&itemid=bostoniansnovel01jameuoft&docid=bostoniansnovel01jameuoft	http://amzn.to/LxFGU8
1	http://openlibrary.org/books/OL7172332M/The_golden_bowl.	http://bit.ly/1dDK9yw	https://archive.org/download/goldenbowl02jameuoft/goldenbowl02jameuoft.epub	http://bit.ly/1dDK91E	https://www.amazon.com/gp/digital/fiona/web-to-kindle?clientid=IA&itemid=goldenbowl02jameuoft&docid=goldenbowl02jameuoft	http://amzn.to/LxFK6d
1	http://openlibrary.org/books/OL20468484M/The_Two_Magics_The_Turn_of_the_Screw_Covering_End	http://bit.ly/1dDKbq1	https://archive.org/download/twomagicsturnsc01jamegoog/twomagicsturnsc01jamegoog.epub	http://bit.ly/1dDKaCC	https://www.amazon.com/gp/digital/fiona/web-to-kindle?clientid=IA&itemid=twomagicsturnsc01jamegoog&docid=twomagicsturnsc01jamegoog	http://amzn.to/LxFKmR
1	http://openlibrary.org/books/OL24929460M/Kim	http://bit.ly/1dDKq4q	https://archive.org/download/kim1905kipl/kim1905kipl.epub	http://bit.ly/1dDKpxs	https://www.amazon.com/gp/digital/fiona/web-to-kindle?clientid=IA&itemid=kim1905kipl&docid=kim1905kipl	http://amzn.to/LxFNiB
1	http://openlibrary.org/books/OL6947440M/The_sea-wolf	http://bit.ly/1dDKGAA	https://archive.org/download/seawolflond00lond/seawolflond00lond.epub	http://bit.ly/1dDKG3s	https://www.amazon.com/gp/digital/fiona/web-to-kindle?clientid=IA&itemid=seawolflond00lond&docid=seawolflond00lond	http://amzn.to/LxFTGR
1	http://openlibrary.org/books/OL7234213M/The_octopus.	http://bit.ly/1dDKYaD	https://archive.org/download/octopus00norr/octopus00norr.epub	http://bit.ly/1dDKWzy	https://www.amazon.com/gp/digital/fiona/web-to-kindle?clientid=IA&itemid=octopus00norr&docid=octopus00norr	http://amzn.to/LxFZym
1	http://openlibrary.org/books/OL24785221M/Dialogues_of_Plato	http://bit.ly/1dDL5TE	https://archive.org/download/dialoguesofplato1899plat/dialoguesofplato1899plat.epub	http://bit.ly/1dDL3v2	https://www.amazon.com/gp/digital/fiona/web-to-kindle?clientid=IA&itemid=dialoguesofplato1899plat&docid=dialoguesofplato1899plat	http://amzn.to/LxG44U
1	http://openlibrary.org/books/OL6961773M/The_travels_of_Marco_Polo	http://bit.ly/1dDL7Lj	https://archive.org/download/travelsofmarcopo02polo/travelsofmarcopo02polo.epub	http://bit.ly/1dDL4Po	https://www.amazon.com/gp/digital/fiona/web-to-kindle?clientid=IA&itemid=travelsofmarcopo02polo&docid=travelsofmarcopo02polo	http://amzn.to/LxG5pr
1	http://openlibrary.org/books/OL24190032M/A_midsummer-night's_dream	http://bit.ly/1dDLuFs	https://archive.org/download/midsummernightsd03shak/midsummernightsd03shak.epub	http://bit.ly/1dDLu8D	https://www.amazon.com/gp/digital/fiona/web-to-kindle?clientid=IA&itemid=midsummernightsd03shak&docid=midsummernightsd03shak	http://amzn.to/LxGd8z
1	http://openlibrary.org/books/OL24819140M/Shakespeare's_Antony_and_Cleopatra	http://bit.ly/1dDLwgC	https://archive.org/download/shakespearesanto01shak/shakespearesanto01shak.epub	http://bit.ly/1dDLuWb	https://www.amazon.com/gp/digital/fiona/web-to-kindle?clientid=IA&itemid=shakespearesanto01shak&docid=shakespearesanto01shak	http://amzn.to/LxGdp7
1	http://openlibrary.org/books/OL14001237M/Shakespeare's_comedy_As_you_like_it	http://bit.ly/1dDLx4l	https://archive.org/download/comeshakespeares00shakrich/comeshakespeares00shakrich.epub	http://bit.ly/1dDLyoM	https://www.amazon.com/gp/digital/fiona/web-to-kindle?clientid=IA&itemid=comeshakespeares00shakrich&docid=comeshakespeares00shakrich	http://amzn.to/LxGcS6
1	http://openlibrary.org/books/OL24817289M/Julius_C%C3%A6sar_ed._with_a_life_of_Shakespeare	http://bit.ly/1dDLOUN	https://archive.org/download/juliuscsaredwi00shak/juliuscsaredwi00shak.epub	http://bit.ly/1dDLMMy	https://www.amazon.com/gp/digital/fiona/web-to-kindle?clientid=IA&itemid=juliuscsaredwi00shak&docid=juliuscsaredwi00shak	http://amzn.to/LxGk3V
1	http://openlibrary.org/books/OL23719423M/Shakespeare's_tragedy_of_King_Lear.	http://bit.ly/1dDLV2G	https://archive.org/download/shakespearestrag01shak/shakespearestrag01shak.epub	http://bit.ly/1dDLUvN	https://www.amazon.com/gp/digital/fiona/web-to-kindle?clientid=IA&itemid=shakespearestrag01shak&docid=shakespearestrag01shak	http://amzn.to/LxGng4
1	http://openlibrary.org/books/OL24819332M/The_Shakespeare_love_book	http://bit.ly/1dDM9a1	https://archive.org/download/shakespeareloveb00shak/shakespeareloveb00shak.epub	http://bit.ly/1dDM8Tw	https://www.amazon.com/gp/digital/fiona/web-to-kindle?clientid=IA&itemid=shakespeareloveb00shak&docid=shakespeareloveb00shak	http://amzn.to/LxGHvh
1	http://openlibrary.org/books/OL24785977M/Poems_and_sonnets	http://bit.ly/1dDMgSR	https://archive.org/download/poemssonnetswith00shak/poemssonnetswith00shak.epub	http://bit.ly/1dDMglP	https://www.amazon.com/gp/digital/fiona/web-to-kindle?clientid=IA&itemid=poemssonnetswith00shak&docid=poemssonnetswith00shak	http://amzn.to/LxGIzn
1	http://openlibrary.org/books/OL7093636M/Man_and_superman	http://bit.ly/1dDMARK	https://archive.org/download/mansupermancomed00shawrich/mansupermancomed00shawrich.epub	http://bit.ly/1dDMxFF	https://www.amazon.com/gp/digital/fiona/web-to-kindle?clientid=IA&itemid=mansupermancomed00shawrich&docid=mansupermancomed00shawrich	http://amzn.to/LxGPLe
1	http://openlibrary.org/books/OL24356862M/Treasure_Island	http://bit.ly/1dDMOby	https://archive.org/download/treasureisl00stev/treasureisl00stev.epub	http://bit.ly/1dDMNEz	https://www.amazon.com/gp/digital/fiona/web-to-kindle?clientid=IA&itemid=treasureisl00stev&docid=treasureisl00stev	http://amzn.to/LxGXud
1	http://openlibrary.org/books/OL24988877M/Uncle_Tom's_cabin	http://bit.ly/1dDMSYI	https://archive.org/download/uncletomscabin6994stow/uncletomscabin6994stow.epub	http://bit.ly/1dDMSrC	https://www.amazon.com/gp/digital/fiona/web-to-kindle?clientid=IA&itemid=uncletomscabin6994stow&docid=uncletomscabin6994stow	http://amzn.to/LxGVm4
1	http://openlibrary.org/books/OL23302577M/Gulliver's_Travels	http://bit.ly/1dDMUQi	https://archive.org/download/gulliverstravels1918swif/gulliverstravels1918swif.epub	http://bit.ly/1dDMXvv	https://www.amazon.com/gp/digital/fiona/web-to-kindle?clientid=IA&itemid=gulliverstravels1918swif&docid=gulliverstravels1918swif	http://amzn.to/LxGW9E
1	http://openlibrary.org/books/OL6614355M/Selected_Idylls_of_the_king	http://bit.ly/1dDMYQi	https://archive.org/download/selectedidyllsof00tenn/selectedidyllsof00tenn.epub	http://bit.ly/1dDMV6Y	https://www.amazon.com/gp/digital/fiona/web-to-kindle?clientid=IA&itemid=selectedidyllsof00tenn&docid=selectedidyllsof00tenn	http://amzn.to/LxGZm3
1	http://openlibrary.org/books/OL7225299M/A_Connecticut_Yankee_in_King_Arthur's_court	http://bit.ly/1dDNiyg	https://archive.org/download/connecticutyanke00twai/connecticutyanke00twai.epub	http://bit.ly/1dDNgXb	https://www.amazon.com/gp/digital/fiona/web-to-kindle?clientid=IA&itemid=connecticutyanke00twai&docid=connecticutyanke00twai	http://amzn.to/LxH4Gr
1	http://openlibrary.org/books/OL6628697M/The_Age_of_Innocence	http://bit.ly/1dDNqOg	https://archive.org/download/ageinnocence01whargoog/ageinnocence01whargoog.epub	http://bit.ly/1dDNqhl	https://www.amazon.com/gp/digital/fiona/web-to-kindle?clientid=IA&itemid=ageinnocence01whargoog&docid=ageinnocence01whargoog	http://amzn.to/LxHfkQ
1	http://openlibrary.org/books/OL24732440M/The_innocents_abroad_or_The_new_Pilgrims'_progress	http://bit.ly/1dDNuxq	https://archive.org/download/innocentsabroado02twai/innocentsabroado02twai.epub	http://bit.ly/1dDNtd8	https://www.amazon.com/gp/digital/fiona/web-to-kindle?clientid=IA&itemid=innocentsabroado02twai&docid=innocentsabroado02twai	http://amzn.to/LxHfl2
1	http://openlibrary.org/books/OL24431627M/The_prince_and_the_pauper	http://bit.ly/1dDNyxh	https://archive.org/download/princepaupertale00twaiuoft/princepaupertale00twaiuoft.epub	http://bit.ly/1dDNy0q	https://www.amazon.com/gp/digital/fiona/web-to-kindle?clientid=IA&itemid=princepaupertale00twaiuoft&docid=princepaupertale00twaiuoft	http://amzn.to/LxHg8B
1	http://openlibrary.org/books/OL14034381M/The_picture_of_Dorian_Gray.	http://bit.ly/1dDNNIT	https://archive.org/download/pictureofdoriang00wildrich/pictureofdoriang00wildrich.epub	http://bit.ly/1dDNNsg	https://www.amazon.com/gp/digital/fiona/web-to-kindle?clientid=IA&itemid=pictureofdoriang00wildrich&docid=pictureofdoriang00wildrich	http://amzn.to/LxHo7Y
1	http://openlibrary.org/books/OL7039097M/Inferno	http://bit.ly/1dDH6Gs	https://archive.org/download/infernodan00dantuoft/infernodan00dantuoft.epub	http://bit.ly/1dDH69B	https://www.amazon.com/gp/digital/fiona/web-to-kindle?clientid=IA&itemid=infernodan00dantuoft&docid=infernodan00dantuoft	http://amzn.to/LxElfS
1	http://openlibrary.org/books/OL14038833M/The_revolt_of_the_women	http://bit.ly/1dDH7dB	https://archive.org/download/revoltofwomenfre00arisrich/revoltofwomenfre00arisrich.epub	http://bit.ly/1dDH81i	https://www.amazon.com/gp/digital/fiona/web-to-kindle?clientid=IA&itemid=revoltofwomenfre00arisrich&docid=revoltofwomenfre00arisrich	http://amzn.to/LxElMV
1	http://openlibrary.org/books/OL24336577M/The_Nicomachean_ethics_of_Aristotle_newly_translated_into_English_by_Robert_Williams	http://bit.ly/1dDH958	https://archive.org/download/nicomacheanet00aris/nicomacheanet00aris.epub	http://bit.ly/1dDH8OA	https://www.amazon.com/gp/digital/fiona/web-to-kindle?clientid=IA&itemid=nicomacheanet00aris&docid=nicomacheanet00aris	http://amzn.to/LxEpfI
1	http://openlibrary.org/books/OL7044632M/Persuasion.	http://bit.ly/1dDHgOb	https://archive.org/download/persuasion00austuoft/persuasion00austuoft.epub	http://bit.ly/1dDHftx	https://www.amazon.com/gp/digital/fiona/web-to-kindle?clientid=IA&itemid=persuasion00austuoft&docid=persuasion00austuoft	http://amzn.to/LxEsIt
1	http://openlibrary.org/books/OL20599360M/Pride_and_Prejudice_A_Novel	http://bit.ly/1dDHhBQ	https://archive.org/download/prideandprejudi04austgoog/prideandprejudi04austgoog.epub	http://bit.ly/1dDHiWe	https://www.amazon.com/gp/digital/fiona/web-to-kindle?clientid=IA&itemid=prideandprejudi04austgoog&docid=prideandprejudi04austgoog	http://amzn.to/LxEtfz
1	http://openlibrary.org/books/OL24927775M/Sense_and_sensibility	http://bit.ly/1dDHlRW	https://archive.org/download/sensesensibility1908aust/sensesensibility1908aust.epub	http://bit.ly/1dDHlkS	https://www.amazon.com/gp/digital/fiona/web-to-kindle?clientid=IA&itemid=sensesensibility1908aust&docid=sensesensibility1908aust	http://amzn.to/LxEtMF
1	http://openlibrary.org/books/OL24969454M/Looking_backward_2000-1887	http://bit.ly/1dDHo08	https://archive.org/download/lookingbackwar00bell/lookingbackwar00bell.epub	http://bit.ly/1dDHmVY	https://www.amazon.com/gp/digital/fiona/web-to-kindle?clientid=IA&itemid=lookingbackwar00bell&docid=lookingbackwar00bell	http://amzn.to/LxEujG
1	http://openlibrary.org/books/OL22865244M/The_Decameron_of_Giovanni_Boccaccio_(Il_Boccaccio)	http://bit.ly/1dDHq8l	https://archive.org/download/decameronofgiova01bocc/decameronofgiova01bocc.epub	http://bit.ly/1dDHsNt	https://www.amazon.com/gp/digital/fiona/web-to-kindle?clientid=IA&itemid=decameronofgiova01bocc&docid=decameronofgiova01bocc	http://amzn.to/LxEyzS
1	http://openlibrary.org/books/OL23307240M/Jane_Eyre.	http://bit.ly/1dDHtAW	https://archive.org/download/janeeyrewithintr01bronuoft/janeeyrewithintr01bronuoft.epub	http://bit.ly/1dDHtkw	https://www.amazon.com/gp/digital/fiona/web-to-kindle?clientid=IA&itemid=janeeyrewithintr01bronuoft&docid=janeeyrewithintr01bronuoft	http://amzn.to/LxEzng
1	http://openlibrary.org/books/OL14047536M/Villette_a_novel.	http://bit.ly/1dDHxAT	https://archive.org/download/villettenovel00bronuoft/villettenovel00bronuoft.epub	http://bit.ly/1dDHxk8	https://www.amazon.com/gp/digital/fiona/web-to-kindle?clientid=IA&itemid=villettenovel00bronuoft&docid=villettenovel00bronuoft	http://amzn.to/LxEzE2
1	http://openlibrary.org/books/OL14049512M/Wuthering_Heights	http://bit.ly/1dDHyEQ	https://archive.org/download/wutheringheights00bron/wutheringheights00bron.epub	http://bit.ly/1dDHuVq	https://www.amazon.com/gp/digital/fiona/web-to-kindle?clientid=IA&itemid=wutheringheights00bron&docid=wutheringheights00bron	http://amzn.to/LxEAaX
1	http://openlibrary.org/books/OL24817181M/Poems_of_Robert_Browning	http://bit.ly/1dDHzss	https://archive.org/download/poemsofrobertbro01brow/poemsofrobertbro01brow.epub	http://bit.ly/1dDHvsE	https://www.amazon.com/gp/digital/fiona/web-to-kindle?clientid=IA&itemid=poemsofrobertbro01brow&docid=poemsofrobertbro01brow	http://amzn.to/LxEAI6
1	http://openlibrary.org/books/OL19356365M/The_pilgrim's_progress	http://bit.ly/1dDHDs9	https://archive.org/download/bunyanthepilgrim00buny/bunyanthepilgrim00buny.epub	http://bit.ly/1dDHCV7	https://www.amazon.com/gp/digital/fiona/web-to-kindle?clientid=IA&itemid=bunyanthepilgrim00buny&docid=bunyanthepilgrim00buny	http://amzn.to/LxEEaG
1	http://openlibrary.org/books/OL13999359M/Alice's_adventures_in_Wonderland	http://bit.ly/1dDHJQp	https://archive.org/download/cesadventuresali00carrrich/cesadventuresali00carrrich.epub	http://bit.ly/1dDHIw0	https://www.amazon.com/gp/digital/fiona/web-to-kindle?clientid=IA&itemid=cesadventuresali00carrrich&docid=cesadventuresali00carrrich	http://amzn.to/LxEIak
1	http://openlibrary.org/books/OL24992738M/The_history_of_the_ingenious_gentleman_Don_Quixote_of_La_Mancha	http://bit.ly/1dDHNjf	https://archive.org/download/historyofingeni04cerv/historyofingeni04cerv.epub	http://bit.ly/1dDHLb9	https://www.amazon.com/gp/digital/fiona/web-to-kindle?clientid=IA&itemid=historyofingeni04cerv&docid=historyofingeni04cerv	http://amzn.to/LxEJem
1	http://openlibrary.org/books/OL13446300M/Letters_of_Anton_Chekhov_to_his_family_and_friends	http://bit.ly/1dDHS6z	https://archive.org/download/lettersofantonch00chek/lettersofantonch00chek.epub	http://bit.ly/1dDHS6n	https://www.amazon.com/gp/digital/fiona/web-to-kindle?clientid=IA&itemid=lettersofantonch00chek&docid=lettersofantonch00chek	http://amzn.to/LxEKPD
1	http://openlibrary.org/books/OL17973839M/The_moonstone.	http://bit.ly/1dDHTqU	https://archive.org/download/moonstone00coll/moonstone00coll.epub	http://bit.ly/1dDHSTW	https://www.amazon.com/gp/digital/fiona/web-to-kindle?clientid=IA&itemid=moonstone00coll&docid=moonstone00coll	http://amzn.to/LxEL6f
1	http://openlibrary.org/books/OL23361006M/The_woman_in_white	http://bit.ly/1dDHV2g	https://archive.org/download/womaninwhite01coll/womaninwhite01coll.epub	http://bit.ly/1dDHULA	https://www.amazon.com/gp/digital/fiona/web-to-kindle?clientid=IA&itemid=womaninwhite01coll&docid=womaninwhite01coll	http://amzn.to/LxEOii
1	http://openlibrary.org/books/OL24360053M/The_secret_agent	http://bit.ly/1dDI1XH	https://archive.org/download/secretagentsimpl00conr/secretagentsimpl00conr.epub	http://bit.ly/1dDHZ21	https://www.amazon.com/gp/digital/fiona/web-to-kindle?clientid=IA&itemid=secretagentsimpl00conr&docid=secretagentsimpl00conr	http://amzn.to/LxEMqO
1	http://openlibrary.org/books/OL24186166M/The_deerslayer_or_The_first_war_path	http://bit.ly/1dDI31H	https://archive.org/download/cu31924022008746/cu31924022008746.epub	http://bit.ly/1diCMYM	https://www.amazon.com/gp/digital/fiona/web-to-kindle?clientid=IA&itemid=cu31924022008746&docid=cu31924022008746	http://amzn.to/LxEPCZ
1	http://openlibrary.org/books/OL14018216M/The_last_of_the_Mohicans	http://bit.ly/1dDI1Hb	https://archive.org/download/lastofmohicans00coopuoft/lastofmohicans00coopuoft.epub	http://bit.ly/1dDI1qx	https://www.amazon.com/gp/digital/fiona/web-to-kindle?clientid=IA&itemid=lastofmohicans00coopuoft&docid=lastofmohicans00coopuoft	http://amzn.to/LxEQa3
1	http://openlibrary.org/books/OL6941539M/Bleak_house	http://bit.ly/1dDIh93	https://archive.org/download/bleakhouse00dick/bleakhouse00dick.epub	http://bit.ly/1dDIiJY	https://www.amazon.com/gp/digital/fiona/web-to-kindle?clientid=IA&itemid=bleakhouse00dick&docid=bleakhouse00dick	http://amzn.to/LxEZdl
1	http://openlibrary.org/books/OL22878828M/Dombey_and_Son	http://bit.ly/1dDImcG	https://archive.org/download/dombeyson00dickuoft/dombeyson00dickuoft.epub	http://bit.ly/1dDIlFR	https://www.amazon.com/gp/digital/fiona/web-to-kindle?clientid=IA&itemid=dombeyson00dickuoft&docid=dombeyson00dickuoft	http://amzn.to/LxF152
1	http://openlibrary.org/books/OL24816212M/Great_expectations_and_Hard_times	http://bit.ly/1dDIr00	https://archive.org/download/greatexpectation08dick/greatexpectation08dick.epub	http://bit.ly/1dDIp8n	https://www.amazon.com/gp/digital/fiona/web-to-kindle?clientid=IA&itemid=greatexpectation08dick&docid=greatexpectation08dick	http://amzn.to/LxF40K
1	http://openlibrary.org/books/OL14032084M/The_old_curiosity_shop	http://bit.ly/1dDIvwL	https://archive.org/download/oldcuriosityshop00dickrich/oldcuriosityshop00dickrich.epub	http://bit.ly/1dDItoS	https://www.amazon.com/gp/digital/fiona/web-to-kindle?clientid=IA&itemid=oldcuriosityshop00dickrich&docid=oldcuriosityshop00dickrich	http://amzn.to/LxF6ps
1	http://openlibrary.org/books/OL24655423M/Oliver_Twist_or_The_parish_boy's_progress	http://bit.ly/1dDIwkq	https://archive.org/download/olivertwistorpar1907dick/olivertwistorpar1907dick.epub	http://bit.ly/1dDIw3T	https://www.amazon.com/gp/digital/fiona/web-to-kindle?clientid=IA&itemid=olivertwistorpar1907dick&docid=olivertwistorpar1907dick	http://amzn.to/LxF6Wh
1	http://openlibrary.org/books/OL6974856M/The_idiot.	http://bit.ly/1dDIEAs	https://archive.org/download/idiot00whisgoog/idiot00whisgoog.epub	http://bit.ly/1dDIE3x	https://www.amazon.com/gp/digital/fiona/web-to-kindle?clientid=IA&itemid=idiot00whisgoog&docid=idiot00whisgoog	http://amzn.to/LxFbt2
1	http://openlibrary.org/books/OL24474664M/Narrative_of_the_life_of_Frederick_Douglass_an_American_slave	http://bit.ly/1dDIGIo	https://archive.org/download/narrativeoflifeo1846doug/narrativeoflifeo1846doug.epub	http://bit.ly/1dDIFnP	https://www.amazon.com/gp/digital/fiona/web-to-kindle?clientid=IA&itemid=narrativeoflifeo1846doug&docid=narrativeoflifeo1846doug	http://amzn.to/LxFdRK
1	http://openlibrary.org/books/OL24929613M/The_man_in_the_iron_mask	http://bit.ly/1dDIRUb	https://archive.org/download/maninironmask1900duma/maninironmask1900duma.epub	http://bit.ly/1dDIRDA	https://www.amazon.com/gp/digital/fiona/web-to-kindle?clientid=IA&itemid=maninironmask1900duma&docid=maninironmask1900duma	http://amzn.to/LxFg02
1	http://openlibrary.org/books/OL24832865M/The_three_musketeers	http://bit.ly/1dDISHS	https://archive.org/download/threemusketeers1800duma/threemusketeers1800duma.epub	http://bit.ly/1dDISrg	https://www.amazon.com/gp/digital/fiona/web-to-kindle?clientid=IA&itemid=threemusketeers1800duma&docid=threemusketeers1800duma	http://amzn.to/LxFjcd
1	http://openlibrary.org/books/OL24830620M/Adam_Bede	http://bit.ly/1dDIWr4	https://archive.org/download/adambede1873elio/adambede1873elio.epub	http://bit.ly/1dDIWau	https://www.amazon.com/gp/digital/fiona/web-to-kindle?clientid=IA&itemid=adambede1873elio&docid=adambede1873elio	http://amzn.to/LxFhB9
1	http://openlibrary.org/books/OL14006177M/Silas_Marner	http://bit.ly/1dDJ4Xq	https://archive.org/download/eliotsilasmarner00eliorich/eliotsilasmarner00eliorich.epub	http://bit.ly/1dDJ2ie	https://www.amazon.com/gp/digital/fiona/web-to-kindle?clientid=IA&itemid=eliotsilasmarner00eliorich&docid=eliotsilasmarner00eliorich	http://amzn.to/LxFmov
1	http://openlibrary.org/books/OL24786107M/The_history_of_Tom_Jones_a_foundling	http://bit.ly/1dDJbCy	https://archive.org/download/historyoftomjone02fiel/historyoftomjone02fiel.epub	http://bit.ly/1dDJb5w	https://www.amazon.com/gp/digital/fiona/web-to-kindle?clientid=IA&itemid=historyoftomjone02fiel&docid=historyoftomjone02fiel	http://amzn.to/LxFnbW
1	http://openlibrary.org/books/OL25175529M/Madame_Bovary	http://bit.ly/1dDJe16	https://archive.org/download/madamebovarytale01flau/madamebovarytale01flau.epub	http://bit.ly/1dDJf51	https://www.amazon.com/gp/digital/fiona/web-to-kindle?clientid=IA&itemid=madamebovarytale01flau&docid=madamebovarytale01flau	http://amzn.to/LxFnso
1	http://openlibrary.org/books/OL7065494M/Extracts_from_the_autobiography_and_other_writings_of_Benjamin_Franklin	http://bit.ly/1dDJhtR	https://archive.org/download/extractsfromauto00franrich/extractsfromauto00franrich.epub	http://bit.ly/1dDJfSP	https://www.amazon.com/gp/digital/fiona/web-to-kindle?clientid=IA&itemid=extractsfromauto00franrich&docid=extractsfromauto00franrich	http://amzn.to/LxFnIV
1	http://openlibrary.org/books/OL7242303M/Faust	http://bit.ly/1dDJiho	https://archive.org/download/tragedyfaust00goetrich/tragedyfaust00goetrich.epub	http://bit.ly/1dDJgGm	https://www.amazon.com/gp/digital/fiona/web-to-kindle?clientid=IA&itemid=tragedyfaust00goetrich&docid=tragedyfaust00goetrich	http://amzn.to/LxFpAp
1	http://openlibrary.org/books/OL24173040M/The_vicar_of_Wakefield	http://bit.ly/1dDJjlm	https://archive.org/download/cu31924013184043/cu31924013184043.epub	http://bit.ly/1dDJkpt	https://www.amazon.com/gp/digital/fiona/web-to-kindle?clientid=IA&itemid=cu31924013184043&docid=cu31924013184043	http://amzn.to/LxFrs2
1	http://openlibrary.org/books/OL14016876M/King_Solomon's_mines	http://bit.ly/1dDJq0i	https://archive.org/download/kingsolomonsmi00hagguoft/kingsolomonsmi00hagguoft.epub	http://bit.ly/1dDJnS4	https://www.amazon.com/gp/digital/fiona/web-to-kindle?clientid=IA&itemid=kingsolomonsmi00hagguoft&docid=kingsolomonsmi00hagguoft	http://amzn.to/LxFrZh
1	http://openlibrary.org/books/OL13522333M/The_return_of_the_native.	http://bit.ly/1dDJvBg	https://archive.org/download/hardreturnofnative00rich/hardreturnofnative00rich.epub	http://bit.ly/1dDJtJo	https://www.amazon.com/gp/digital/fiona/web-to-kindle?clientid=IA&itemid=hardreturnofnative00rich&docid=hardreturnofnative00rich	http://amzn.to/LxFsMT
1	http://openlibrary.org/books/OL24786518M/The_Blithedale_romance	http://bit.ly/1dDJzRu	https://archive.org/download/blithedaleromanc1852hawt/blithedaleromanc1852hawt.epub	http://bit.ly/1dDJygb	https://www.amazon.com/gp/digital/fiona/web-to-kindle?clientid=IA&itemid=blithedaleromanc1852hawt&docid=blithedaleromanc1852hawt	http://amzn.to/LxFuUL
1	http://openlibrary.org/books/OL6551208M/Hedda_Gabler	http://bit.ly/1dDJNIn	https://archive.org/download/heddagableradra00gossgoog/heddagableradra00gossgoog.epub	http://bit.ly/1dDJL35	https://www.amazon.com/gp/digital/fiona/web-to-kindle?clientid=IA&itemid=heddagableradra00gossgoog&docid=heddagableradra00gossgoog	http://amzn.to/LxFBQo
1	http://openlibrary.org/books/OL6963983M/Washington_Irving's_Sketch_book	http://bit.ly/1dDJPjm	https://archive.org/download/washingtonirving00irvi/washingtonirving00irvi.epub	http://bit.ly/1dDJMnI	https://www.amazon.com/gp/digital/fiona/web-to-kindle?clientid=IA&itemid=washingtonirving00irvi&docid=washingtonirving00irvi	http://amzn.to/LxFCDS
1	http://openlibrary.org/books/OL6974349M/Daisy_Miller	http://bit.ly/1dDK0eA	https://archive.org/download/daisymiller01jamegoog/daisymiller01jamegoog.epub	http://bit.ly/1dDJZHz	https://www.amazon.com/gp/digital/fiona/web-to-kindle?clientid=IA&itemid=daisymiller01jamegoog&docid=daisymiller01jamegoog	http://amzn.to/LxFF2D
1	http://openlibrary.org/books/OL17945634M/The_ambassadors.	http://bit.ly/1dDK4e5	https://archive.org/download/ambassadors01jameuoft/ambassadors01jameuoft.epub	http://bit.ly/1dDK3H6	https://www.amazon.com/gp/digital/fiona/web-to-kindle?clientid=IA&itemid=ambassadors01jameuoft&docid=ambassadors01jameuoft	http://amzn.to/LxFHat
1	http://openlibrary.org/books/OL24445555M/The_American_scene	http://bit.ly/1dDK2De	https://archive.org/download/americanscene00jame/americanscene00jame.epub	http://bit.ly/1dDK4uT	https://www.amazon.com/gp/digital/fiona/web-to-kindle?clientid=IA&itemid=americanscene00jame&docid=americanscene00jame	http://amzn.to/LxFGnc
1	http://openlibrary.org/books/OL24186461M/Europeans	http://bit.ly/1dDK6CX	https://archive.org/download/cu31924022162956/cu31924022162956.epub	http://bit.ly/1dDK6mt	https://www.amazon.com/gp/digital/fiona/web-to-kindle?clientid=IA&itemid=cu31924022162956&docid=cu31924022162956	http://amzn.to/LxFJPL
1	http://openlibrary.org/books/OL7130123M/Washington_Square.	http://bit.ly/1dDKf9j	https://archive.org/download/washingtonsqua00jameuoft/washingtonsqua00jameuoft.epub	http://bit.ly/1dDKelI	https://www.amazon.com/gp/digital/fiona/web-to-kindle?clientid=IA&itemid=washingtonsqua00jameuoft&docid=washingtonsqua00jameuoft	http://amzn.to/LxFJiR
1	http://openlibrary.org/books/OL23359535M/What_Maisie_knew.	http://bit.ly/1dDKgKx	https://archive.org/download/whatmaisieknew00jameuoft/whatmaisieknew00jameuoft.epub	http://bit.ly/1dDKfWZ	https://www.amazon.com/gp/digital/fiona/web-to-kindle?clientid=IA&itemid=whatmaisieknew00jameuoft&docid=whatmaisieknew00jameuoft	http://amzn.to/LxFLar
1	http://openlibrary.org/books/OL24174537M/Captains_courageous	http://bit.ly/1dDKoJV	https://archive.org/download/cu31924013493246/cu31924013493246.epub	http://bit.ly/1dDKlOa	https://www.amazon.com/gp/digital/fiona/web-to-kindle?clientid=IA&itemid=cu31924013493246&docid=cu31924013493246	http://amzn.to/LxFMLt
1	http://openlibrary.org/books/OL7196512M/Plain_tales_from_the_hills.	http://bit.ly/1dDKscJ	https://archive.org/download/plaintalesfromhi00kipliala/plaintalesfromhi00kipliala.epub	http://bit.ly/1dDKqS6	https://www.amazon.com/gp/digital/fiona/web-to-kindle?clientid=IA&itemid=plaintalesfromhi00kipliala&docid=plaintalesfromhi00kipliala	http://amzn.to/LxFOCW
1	http://openlibrary.org/books/OL23247997M/Sons_and_lovers	http://bit.ly/1dDKBN9	https://archive.org/download/cu31924010564429/cu31924010564429.epub	http://bit.ly/1dDKykw	https://www.amazon.com/gp/digital/fiona/web-to-kindle?clientid=IA&itemid=cu31924010564429&docid=cu31924010564429	http://amzn.to/LxFSCV
1	http://openlibrary.org/books/OL7192819M/The_tragical_history_of_Doctor_Faustus	http://bit.ly/1dDKNfw	https://archive.org/download/tragicalhistoryofdoc00marluoft/tragicalhistoryofdoc00marluoft.epub	http://bit.ly/1dDKMIt	https://www.amazon.com/gp/digital/fiona/web-to-kindle?clientid=IA&itemid=tragicalhistoryofdoc00marluoft&docid=tragicalhistoryofdoc00marluoft	http://amzn.to/LxFWCu
1	http://openlibrary.org/books/OL22851382M/Bel_ami_or_The_history_of_a_scoundrel	http://bit.ly/1dDKOzZ	https://archive.org/download/belamiorhistoryo00maup/belamiorhistoryo00maup.epub	http://bit.ly/1dDKO33	https://www.amazon.com/gp/digital/fiona/web-to-kindle?clientid=IA&itemid=belamiorhistoryo00maup&docid=belamiorhistoryo00maup	http://amzn.to/LxFXGL
1	http://openlibrary.org/books/OL24599582M/Milton's_Paradise_lost	http://bit.ly/1dDKQYL	https://archive.org/download/miltonsparadiselmilt/miltonsparadiselmilt.epub	http://bit.ly/1dDKRMj	https://www.amazon.com/gp/digital/fiona/web-to-kindle?clientid=IA&itemid=miltonsparadiselmilt&docid=miltonsparadiselmilt	http://amzn.to/LxFYdE
1	http://openlibrary.org/books/OL24336992M/Millennium_being_the_Utopia	http://bit.ly/1dDKTnn	https://archive.org/download/millenniumbeingu00more/millenniumbeingu00more.epub	http://bit.ly/1dDKUrx	https://www.amazon.com/gp/digital/fiona/web-to-kindle?clientid=IA&itemid=millenniumbeingu00more&docid=millenniumbeingu00more	http://amzn.to/LxFYui
1	http://openlibrary.org/books/OL24151988M/McTeague	http://bit.ly/1dDKX6y	https://archive.org/download/cu31924014220796/cu31924014220796.epub	http://bit.ly/1dDKVvm	https://www.amazon.com/gp/digital/fiona/web-to-kindle?clientid=IA&itemid=cu31924014220796&docid=cu31924014220796	http://amzn.to/LxFZ1f
1	http://openlibrary.org/books/OL24782296M/Plato's_Apology_of_Socrates_Crito_and_Phaedo	http://bit.ly/1dDKZeI	https://archive.org/download/platosapologyo00plat/platosapologyo00plat.epub	http://bit.ly/1dDKYY2	https://www.amazon.com/gp/digital/fiona/web-to-kindle?clientid=IA&itemid=platosapologyo00plat&docid=platosapologyo00plat	http://amzn.to/LxG30N
1	http://openlibrary.org/books/OL24133692M/The_rape_of_the_lock_and_other_poems_of_Alexander_Pope	http://bit.ly/1dDL95P	https://archive.org/download/rapeoflockotherp01pope/rapeoflockotherp01pope.epub	http://bit.ly/1dDL7uN	https://www.amazon.com/gp/digital/fiona/web-to-kindle?clientid=IA&itemid=rapeoflockotherp01pope&docid=rapeoflockotherp01pope	http://amzn.to/LxG5G0
1	http://openlibrary.org/books/OL7178054M/The_merry_adventures_of_Robin_Hood_of_great_renown_in_Nottinghamshire.	http://bit.ly/1dDLa9L	https://archive.org/download/merryadventureso00pylerich/merryadventureso00pylerich.epub	http://bit.ly/1dDLaXp	https://www.amazon.com/gp/digital/fiona/web-to-kindle?clientid=IA&itemid=merryadventureso00pylerich&docid=merryadventureso00pylerich	http://amzn.to/LxG5WC
1	http://openlibrary.org/books/OL24658435M/Rob_Roy	http://bit.ly/1dDLmWJ	https://archive.org/download/robroy04scot/robroy04scot.epub	http://bit.ly/1dDLmpF	https://www.amazon.com/gp/digital/fiona/web-to-kindle?clientid=IA&itemid=robroy04scot&docid=robroy04scot	http://amzn.to/LxG9FI
1	http://openlibrary.org/books/OL24155337M/Waverley_or_'tis_sixty_years_since	http://bit.ly/1dDLpBP	https://archive.org/download/cu31924097286904/cu31924097286904.epub	http://bit.ly/1dDLqFR	https://www.amazon.com/gp/digital/fiona/web-to-kindle?clientid=IA&itemid=cu31924097286904&docid=cu31924097286904	http://amzn.to/LxG9FW
1	http://openlibrary.org/books/OL23271369M/All's_well_that_ends_well	http://bit.ly/1dDLs0j	https://archive.org/download/allswellthatends00shak/allswellthatends00shak.epub	http://bit.ly/1dDLq8P	https://www.amazon.com/gp/digital/fiona/web-to-kindle?clientid=IA&itemid=allswellthatends00shak&docid=allswellthatends00shak	http://amzn.to/LxGbNX
1	http://openlibrary.org/books/OL24819348M/Shakespeare's_tragedy_of_Coriolanus	http://bit.ly/1dDLzJg	https://archive.org/download/shakespearestrag18shak/shakespearestrag18shak.epub	http://bit.ly/1dDLxRG	https://www.amazon.com/gp/digital/fiona/web-to-kindle?clientid=IA&itemid=shakespearestrag18shak&docid=shakespearestrag18shak	http://amzn.to/LxGecH
1	http://openlibrary.org/books/OL24819436M/Shakespeare's_tragedy_of_Cymbeline	http://bit.ly/1dDLC81	https://archive.org/download/shakespearestrag19shak/shakespearestrag19shak.epub	http://bit.ly/1dDLBkD	https://www.amazon.com/gp/digital/fiona/web-to-kindle?clientid=IA&itemid=shakespearestrag19shak&docid=shakespearestrag19shak	http://amzn.to/LxGgRI
1	http://openlibrary.org/books/OL14010731M	http://bit.ly/1dDLEwM	https://archive.org/download/hamlettragedyinf00shakrich/hamlettragedyinf00shakrich.epub	http://bit.ly/1dDLDZC	https://www.amazon.com/gp/digital/fiona/web-to-kindle?clientid=IA&itemid=hamlettragedyinf00shakrich&docid=hamlettragedyinf00shakrich	http://amzn.to/LxGhFd
1	http://openlibrary.org/books/OL6999262M/Shakespeare's_Henry_IV.	http://bit.ly/1dDLGVm	https://archive.org/download/shakespeareshenr00shak/shakespeareshenr00shak.epub	http://bit.ly/1dDLGoi	https://www.amazon.com/gp/digital/fiona/web-to-kindle?clientid=IA&itemid=shakespeareshenr00shak&docid=shakespeareshenr00shak	http://amzn.to/LxGhVV
1	http://openlibrary.org/books/OL23719400M/Shakespeare's_King_Henry_the_Fifth_ed.	http://bit.ly/1dDLIwl	https://archive.org/download/shakespearesking01shak/shakespearesking01shak.epub	http://bit.ly/1dDLHsn	https://www.amazon.com/gp/digital/fiona/web-to-kindle?clientid=IA&itemid=shakespearesking01shak&docid=shakespearesking01shak	http://amzn.to/LxGloq
1	http://openlibrary.org/books/OL23303217M/Henry_VI_first_part	http://bit.ly/1dDLLbJ	https://archive.org/download/henryvipt01shak/henryvipt01shak.epub	http://bit.ly/1dDLLIC	https://www.amazon.com/gp/digital/fiona/web-to-kindle?clientid=IA&itemid=henryvipt01shak&docid=henryvipt01shak	http://amzn.to/LxGjwT
1	http://openlibrary.org/books/OL24188079M/Shakespeare's_history_of_King_John.	http://bit.ly/1dDLO78	https://archive.org/download/shakespeareshist00shakesp/shakespeareshist00shakesp.epub	http://bit.ly/1dDLPrT	https://www.amazon.com/gp/digital/fiona/web-to-kindle?clientid=IA&itemid=shakespeareshist00shakesp&docid=shakespeareshist00shakesp	http://amzn.to/LxGmJf
1	http://openlibrary.org/books/OL23308060M/King_Richard_II	http://bit.ly/1dDLWUq	https://archive.org/download/kingrichardii00shak/kingrichardii00shak.epub	http://bit.ly/1dDLVzM	https://www.amazon.com/gp/digital/fiona/web-to-kindle?clientid=IA&itemid=kingrichardii00shak&docid=kingrichardii00shak	http://amzn.to/LxGnwK
1	http://openlibrary.org/books/OL24182448M/Shakespeare's_King_Richard_the_Third.	http://bit.ly/1dDLXYu	https://archive.org/download/shakespearesking09shak/shakespearesking09shak.epub	http://bit.ly/1dDLZiO	https://www.amazon.com/gp/digital/fiona/web-to-kindle?clientid=IA&itemid=shakespearesking09shak&docid=shakespearesking09shak	http://amzn.to/LxGo3K
1	http://openlibrary.org/books/OL23318066M/Measure_for_measure	http://bit.ly/1dDM2LG	https://archive.org/download/measureformeasur00shak/measureformeasur00shak.epub	http://bit.ly/1dDM2v5	https://www.amazon.com/gp/digital/fiona/web-to-kindle?clientid=IA&itemid=measureformeasur00shak&docid=measureformeasur00shak	http://amzn.to/LxGrMW
1	http://openlibrary.org/books/OL24817985M/Shakespeare's_comedy_of_Much_ado_about_nothing	http://bit.ly/1dDM3iJ	https://archive.org/download/shakespearescome00shakes/shakespearescome00shakes.epub	http://bit.ly/1dDM5Hs	https://www.amazon.com/gp/digital/fiona/web-to-kindle?clientid=IA&itemid=shakespearescome00shakes&docid=shakespearescome00shakes	http://amzn.to/LxGtEs
1	http://openlibrary.org/books/OL7004979M/Shakespeare's_Othello_the_Moor_of_Venice.	http://bit.ly/1dDM6Lr	https://archive.org/download/shakespearesothe02shak/shakespearesothe02shak.epub	http://bit.ly/1dDM3zg	https://www.amazon.com/gp/digital/fiona/web-to-kindle?clientid=IA&itemid=shakespearesothe02shak&docid=shakespearesothe02shak	http://amzn.to/LxGw3k
1	http://openlibrary.org/books/OL24970712M/Shakespeare's_history_of_Pericles_Prince_of_Tyre	http://bit.ly/1dDMaed	https://archive.org/download/shakespeareshist1911shak/shakespeareshist1911shak.epub	http://bit.ly/1dDM7ij	https://www.amazon.com/gp/digital/fiona/web-to-kindle?clientid=IA&itemid=shakespeareshist1911shak&docid=shakespeareshist1911shak	http://amzn.to/LxGurY
1	http://openlibrary.org/books/OL24152120M/Romeo_Juliet	http://bit.ly/1dDM8ms	https://archive.org/download/cu31924013141985/cu31924013141985.epub	http://bit.ly/1dDMb1C	https://www.amazon.com/gp/digital/fiona/web-to-kindle?clientid=IA&itemid=cu31924013141985&docid=cu31924013141985	http://amzn.to/LxGxnG
1	http://openlibrary.org/books/OL24786065M/The_merchant_of_Venice	http://bit.ly/1dDMcCR	https://archive.org/download/merchantofvenice1914shak/merchantofvenice1914shak.epub	http://bit.ly/1dDM9qC	https://www.amazon.com/gp/digital/fiona/web-to-kindle?clientid=IA&itemid=merchantofvenice1914shak&docid=merchantofvenice1914shak	http://amzn.to/LxGHLT
1	http://openlibrary.org/books/OL23319128M/Merry_wives_of_Windsor	http://bit.ly/1dDMfOV	https://archive.org/download/merrywiveswindsor00shak/merrywiveswindsor00shak.epub	http://bit.ly/1dDMd9U	https://www.amazon.com/gp/digital/fiona/web-to-kindle?clientid=IA&itemid=merrywiveswindsor00shak&docid=merrywiveswindsor00shak	http://amzn.to/LxGI2t
1	http://openlibrary.org/books/OL24172726M/The_taming_of_the_shrew	http://bit.ly/1dDMkCa	https://archive.org/download/cu31924013142173/cu31924013142173.epub	http://bit.ly/1dDMhpU	https://www.amazon.com/gp/digital/fiona/web-to-kindle?clientid=IA&itemid=cu31924013142173&docid=cu31924013142173	http://amzn.to/LxGGaW
1	http://openlibrary.org/books/OL14044769M/The_tempest	http://bit.ly/1dDMjy3	https://archive.org/download/tempestcomedybyw00shakuoft/tempestcomedybyw00shakuoft.epub	http://bit.ly/1dDMj1d	https://www.amazon.com/gp/digital/fiona/web-to-kindle?clientid=IA&itemid=tempestcomedybyw00shakuoft&docid=tempestcomedybyw00shakuoft	http://amzn.to/LxGLLE
1	http://openlibrary.org/books/OL24785067M/A_winter's_tale	http://bit.ly/1dDMnhm	https://archive.org/download/winterstale1901shak/winterstale1901shak.epub	http://bit.ly/1dDMk5g	https://www.amazon.com/gp/digital/fiona/web-to-kindle?clientid=IA&itemid=winterstale1901shak&docid=winterstale1901shak	http://amzn.to/LxGM2c
1	http://openlibrary.org/books/OL23348577M/Timon_of_Athens	http://bit.ly/1dDMoSB	https://archive.org/download/timonofathens00shak/timonofathens00shak.epub	http://bit.ly/1dDMqty	https://www.amazon.com/gp/digital/fiona/web-to-kindle?clientid=IA&itemid=timonofathens00shak&docid=timonofathens00shak	http://amzn.to/LxGKao
1	http://openlibrary.org/books/OL6942239M/Shakespeare's_tragedy_of_Titus_Andronicus.	http://bit.ly/1dDMs4x	https://archive.org/download/shakespearestrag02shake/shakespearestrag02shake.epub	http://bit.ly/1dDMrxM	https://www.amazon.com/gp/digital/fiona/web-to-kindle?clientid=IA&itemid=shakespearestrag02shake&docid=shakespearestrag02shake	http://amzn.to/LxGKrb
1	http://openlibrary.org/books/OL23350689M/Troilus_and_Cressida	http://bit.ly/1dDMvxn	https://archive.org/download/troiluscressida00shak/troiluscressida00shak.epub	http://bit.ly/1dDMt8A	https://www.amazon.com/gp/digital/fiona/web-to-kindle?clientid=IA&itemid=troiluscressida00shak&docid=troiluscressida00shak	http://amzn.to/LxGKYd
1	http://openlibrary.org/books/OL20610187M/Twelfth_Night_Or_What_You_Will	http://bit.ly/1dDMtWp	https://archive.org/download/twelfthnightorw00blacgoog/twelfthnightorw00blacgoog.epub	http://bit.ly/1dDMvO1	https://www.amazon.com/gp/digital/fiona/web-to-kindle?clientid=IA&itemid=twelfthnightorw00blacgoog&docid=twelfthnightorw00blacgoog	http://amzn.to/LxGOaa
1	http://openlibrary.org/books/OL23352087M/Two_gentlemen_of_Verona	http://bit.ly/1dDMuJN	https://archive.org/download/twogentlemenverona00shak/twogentlemenverona00shak.epub	http://bit.ly/1dDMutn	https://www.amazon.com/gp/digital/fiona/web-to-kindle?clientid=IA&itemid=twogentlemenverona00shak&docid=twogentlemenverona00shak	http://amzn.to/LxGRmp
1	http://openlibrary.org/books/ia:faeriequeenedis02spen/The_Faerie_queene_disposed_into_twelve_books_fashioning_twelve_moral_vertues	http://bit.ly/1dDMCJr	https://archive.org/download/faeriequeenedis02spen/faeriequeenedis02spen.epub	http://bit.ly/1dDMzx6	https://www.amazon.com/gp/digital/fiona/web-to-kindle?clientid=IA&itemid=faeriequeenedis02spen&docid=faeriequeenedis02spen	http://amzn.to/LxGQim
1	http://openlibrary.org/books/OL17959484M/Strange_case_of_Dr._Jekyll_and_Mr._Hyde	http://bit.ly/1dDMGJ2	https://archive.org/download/strangecaseofd00stevuoft/strangecaseofd00stevuoft.epub	http://bit.ly/1dDMDwU	https://www.amazon.com/gp/digital/fiona/web-to-kindle?clientid=IA&itemid=strangecaseofd00stevuoft&docid=strangecaseofd00stevuoft	http://amzn.to/LxGTee
1	http://openlibrary.org/books/OL24830788M/The_black_arrow	http://bit.ly/1dDMKsa	https://archive.org/download/blackarrowtaleof1888stev/blackarrowtaleof1888stev.epub	http://bit.ly/1dDMN7w	https://www.amazon.com/gp/digital/fiona/web-to-kindle?clientid=IA&itemid=blackarrowtaleof1888stev&docid=blackarrowtaleof1888stev	http://amzn.to/LxGWGK
1	http://openlibrary.org/books/OL24197003M/A_girl_of_the_Limberlost	http://bit.ly/1dDMTMo	https://archive.org/download/girloflimberlost00stra/girloflimberlost00stra.epub	http://bit.ly/1dDMWb6	https://www.amazon.com/gp/digital/fiona/web-to-kindle?clientid=IA&itemid=girloflimberlost00stra&docid=girloflimberlost00stra	http://amzn.to/LxGYyv
1	http://openlibrary.org/books/OL24656643M/Vanity_fair	http://bit.ly/1dDMZUi	https://archive.org/download/vanityfair01thac/vanityfair01thac.epub	http://bit.ly/1dDMZDM	https://www.amazon.com/gp/digital/fiona/web-to-kindle?clientid=IA&itemid=vanityfair01thac&docid=vanityfair01thac	http://amzn.to/LxGZSX
1	http://openlibrary.org/books/OL19382391M/The_memoirs_of_Barry_Lyndon_Esq._Roundabout_papers_etc.	http://bit.ly/1dDN0HD	https://archive.org/download/memoirsofbarryly00thacuoft/memoirsofbarryly00thacuoft.epub	http://bit.ly/1dDN2j0	https://www.amazon.com/gp/digital/fiona/web-to-kindle?clientid=IA&itemid=memoirsofbarryly00thacuoft&docid=memoirsofbarryly00thacuoft	http://amzn.to/LxGZT9
1	http://openlibrary.org/books/OL24654729M/History_of_the_Peloponnesian_War	http://bit.ly/1dDN6z8	https://archive.org/download/historyofpelopon05thuc/historyofpelopon05thuc.epub	http://bit.ly/1dDN6is	https://www.amazon.com/gp/digital/fiona/web-to-kindle?clientid=IA&itemid=historyofpelopon05thuc&docid=historyofpelopon05thuc	http://amzn.to/LxH2Ow
1	http://openlibrary.org/books/OL13993207M/Anna_Karenina	http://bit.ly/1dDN7mI	https://archive.org/download/annakareninatols00tolsiala/annakareninatols00tolsiala.epub	http://bit.ly/1dDN4qY	https://www.amazon.com/gp/digital/fiona/web-to-kindle?clientid=IA&itemid=annakareninatols00tolsiala&docid=annakareninatols00tolsiala	http://amzn.to/LxH354
1	http://openlibrary.org/books/OL23358283M/War_and_peace	http://bit.ly/1dDN8qI	https://archive.org/download/warpeace3498tols/warpeace3498tols.epub	http://bit.ly/1dDN7TR	https://www.amazon.com/gp/digital/fiona/web-to-kindle?clientid=IA&itemid=warpeace3498tols&docid=warpeace3498tols	http://amzn.to/LxH0X7
1	http://openlibrary.org/books/OL7202428M/He_knew_he_was_right.	http://bit.ly/1dDN9uR	https://archive.org/download/heknewhewasright00troluoft/heknewhewasright00troluoft.epub	http://bit.ly/1dDNbCM	https://www.amazon.com/gp/digital/fiona/web-to-kindle?clientid=IA&itemid=heknewhewasright00troluoft&docid=heknewhewasright00troluoft	http://amzn.to/LxH4pD
1	http://openlibrary.org/books/OL7049559M/The_way_we_live_now	http://bit.ly/1dDNayJ	https://archive.org/download/waywelivenow02trolrich/waywelivenow02trolrich.epub	http://bit.ly/1dDNa1H	https://www.amazon.com/gp/digital/fiona/web-to-kindle?clientid=IA&itemid=waywelivenow02trolrich&docid=waywelivenow02trolrich	http://amzn.to/LxH3SM
1	http://openlibrary.org/books/OL6930750M/Life_on_the_Mississippi	http://bit.ly/1dDNg9I	https://archive.org/download/lifeonmississipp00twa/lifeonmississipp00twa.epub	http://bit.ly/1dDNfT4	https://www.amazon.com/gp/digital/fiona/web-to-kindle?clientid=IA&itemid=lifeonmississipp00twa&docid=lifeonmississipp00twa	http://amzn.to/LxH5dr
1	http://openlibrary.org/books/OL24347498M/Roughing_it	http://bit.ly/1dDNnC4	https://archive.org/download/roughingit01twai/roughingit01twai.epub	http://bit.ly/1dDNn5c	https://www.amazon.com/gp/digital/fiona/web-to-kindle?clientid=IA&itemid=roughingit01twai&docid=roughingit01twai	http://amzn.to/LxH8pt
1	http://openlibrary.org/books/OL7158020M/Adventures_of_Huckleberry_Finn_(Tom_Sawyer's_comrade)	http://bit.ly/1dDNopD	https://archive.org/download/adventuresofhuck00twai2/adventuresofhuck00twai2.epub	http://bit.ly/1dDNlKF	https://www.amazon.com/gp/digital/fiona/web-to-kindle?clientid=IA&itemid=adventuresofhuck00twai2&docid=adventuresofhuck00twai2	http://amzn.to/LxH8G5
1	http://openlibrary.org/books/OL24184295M/Around_the_world_in_eighty_days	http://bit.ly/1dDNzS2	https://archive.org/download/cu31924031179371/cu31924031179371.epub	http://bit.ly/1dDNz4n	https://www.amazon.com/gp/digital/fiona/web-to-kindle?clientid=IA&itemid=cu31924031179371&docid=cu31924031179371	http://amzn.to/LxHgFv
1	http://openlibrary.org/books/OL6942514M/From_the_earth_to_the_moon_and_round_the_moon	http://bit.ly/1dDNAFn	https://archive.org/download/cu31924052535725/cu31924052535725.epub	http://bit.ly/1dDNCx5	https://www.amazon.com/gp/digital/fiona/web-to-kindle?clientid=IA&itemid=cu31924052535725&docid=cu31924052535725	http://amzn.to/LxHix9
1	http://openlibrary.org/books/OL25200226M/Twenty_thousand_leagues_under_the_seas	http://bit.ly/1dDNE82	https://archive.org/download/twentythousandle1875vern/twentythousandle1875vern.epub	http://bit.ly/1dDNDkH	https://www.amazon.com/gp/digital/fiona/web-to-kindle?clientid=IA&itemid=twentythousandle1875vern&docid=twentythousandle1875vern	http://amzn.to/LxHkoI
1	http://openlibrary.org/books/OL23269473M/The_Aeneids	http://bit.ly/1dDNEVR	https://archive.org/download/aeneidsv00virguoft/aeneidsv00virguoft.epub	http://bit.ly/1dDNC04	https://www.amazon.com/gp/digital/fiona/web-to-kindle?clientid=IA&itemid=aeneidsv00virguoft&docid=aeneidsv00virguoft	http://amzn.to/LxHjkJ
1	http://openlibrary.org/books/OL7083100M/Voltaire's_Candide	http://bit.ly/1dDNIoq	https://archive.org/download/voltairescandide00voltiala/voltairescandide00voltiala.epub	http://bit.ly/1dDNI7S	https://www.amazon.com/gp/digital/fiona/web-to-kindle?clientid=IA&itemid=voltairescandide00voltiala&docid=voltairescandide00voltiala	http://amzn.to/LxHjBh
1	http://openlibrary.org/books/OL6637608M/The_house_of_mirth	http://bit.ly/1dDNJJ3	https://archive.org/download/houseofmirth1908whar/houseofmirth1908whar.epub	http://bit.ly/1dDNJsw	https://www.amazon.com/gp/digital/fiona/web-to-kindle?clientid=IA&itemid=houseofmirth1908whar&docid=houseofmirth1908whar	http://amzn.to/LxHn3N
1	http://openlibrary.org/books/OL6369218M/Leaves_of_grass.	http://bit.ly/1dDNKwH	https://archive.org/download/leavesofgrass1882whit/leavesofgrass1882whit.epub	http://bit.ly/1dDNMVi	https://www.amazon.com/gp/digital/fiona/web-to-kindle?clientid=IA&itemid=leavesofgrass1882whit&docid=leavesofgrass1882whit	http://amzn.to/LxHmgu
1	http://openlibrary.org/books/OL13540032M/The_Swiss_family_Robinson_or_The_adventures_of_a_shipwrecked_family_on_an_uninhabited_isle_near_New_	http://bit.ly/1dDNOME	https://archive.org/download/swissfamilyrobin09wyss/swissfamilyrobin09wyss.epub	http://bit.ly/1dDNM7w	https://www.amazon.com/gp/digital/fiona/web-to-kindle?clientid=IA&itemid=swissfamilyrobin09wyss&docid=swissfamilyrobin09wyss	http://amzn.to/LxHoou
1	http://openlibrary.org/books/OL24441001M/Germinal	http://bit.ly/1dDNPjR	https://archive.org/download/germinalz00zola/germinalz00zola.epub	http://bit.ly/1dDNMEO	https://www.amazon.com/gp/digital/fiona/web-to-kindle?clientid=IA&itemid=germinalz00zola&docid=germinalz00zola	http://amzn.to/LxHoF9
0	http://openlibrary.org/books/OL6591600M	http://bit.ly/1jx3Njo	https://archive.org/download/pinocchiostorya00tinkgoog/pinocchiostorya00tinkgoog.epub	http://bit.ly/1jx3KEj	https://www.amazon.com/gp/digital/fiona/web-to-kindle?clientid=IA&itemid=pinocchiostorya00tinkgoog&docid=pinocchiostorya00tinkgoog	http://amzn.to/1jx3KUy
0	http://openlibrary.org/books/OL23271139M	http://bit.ly/1jx3NzN	https://archive.org/download/allanquatermainb00haggrich/allanquatermainb00haggrich.epub	http://bit.ly/1jx3Njs	https://www.amazon.com/gp/digital/fiona/web-to-kindle?clientid=IA&itemid=allanquatermainb00haggrich&docid=allanquatermainb00haggrich	http://amzn.to/1jx3NzI
0	http://openlibrary.org/books/OL7220389M	http://bit.ly/1jx3O6S	https://archive.org/download/diaryofnobody00gros/diaryofnobody00gros.epub	http://bit.ly/1jx3NzY	https://www.amazon.com/gp/digital/fiona/web-to-kindle?clientid=IA&itemid=diaryofnobody00gros&docid=diaryofnobody00gros	http://amzn.to/1jx3O6J
0	http://openlibrary.org/books/OL14007712M	http://bit.ly/1jx3Ont	https://archive.org/download/fathergoriotmgob00balziala/fathergoriotmgob00balziala.epub	http://bit.ly/1jx3Onh	https://www.amazon.com/gp/digital/fiona/web-to-kindle?clientid=IA&itemid=fathergoriotmgob00balziala&docid=fathergoriotmgob00balziala	http://amzn.to/1jx3QM3
0	http://openlibrary.org/books/OL17959642M	http://bit.ly/1jx3R2w	https://archive.org/download/historyhenryesmond00thac/historyhenryesmond00thac.epub	http://bit.ly/1jx3ODT	https://www.amazon.com/gp/digital/fiona/web-to-kindle?clientid=IA&itemid=historyhenryesmond00thac&docid=historyhenryesmond00thac	http://amzn.to/1jx3OE2
0	http://openlibrary.org/books/OL6617546M	http://bit.ly/1jx3R2F	https://archive.org/download/cu31924031222643/cu31924031222643.epub	http://bit.ly/1jx3OUu	https://www.amazon.com/gp/digital/fiona/web-to-kindle?clientid=IA&itemid=cu31924031222643&docid=cu31924031222643	http://amzn.to/1jx3OUy
0	http://openlibrary.org/books/OL24834324M	http://bit.ly/1jx3Pb1	https://archive.org/download/ivanhoe01scot/ivanhoe01scot.epub	http://bit.ly/1dDLkho	https://www.amazon.com/gp/digital/fiona/web-to-kindle?clientid=IA&itemid=ivanhoe01scot&docid=ivanhoe01scot	http://amzn.to/LxG98X
0	http://openlibrary.org/books/OL7202985M	http://bit.ly/1jx3PrA	https://archive.org/download/kinginyellow00chamuoft/kinginyellow00chamuoft.epub	http://bit.ly/1jx3Rzr	https://www.amazon.com/gp/digital/fiona/web-to-kindle?clientid=IA&itemid=kinginyellow00chamuoft&docid=kinginyellow00chamuoft	http://amzn.to/1jx3Pru
0	http://openlibrary.org/books/OL6530919M	http://bit.ly/1jx3PHX	https://archive.org/download/scottsladyoflake03scot/scottsladyoflake03scot.epub	http://bit.ly/1jx3RzI	https://www.amazon.com/gp/digital/fiona/web-to-kindle?clientid=IA&itemid=scottsladyoflake03scot&docid=scottsladyoflake03scot	http://amzn.to/1jx3PHS
0	http://openlibrary.org/books/OL7240979M	http://bit.ly/1jx3PYq	https://archive.org/download/lordofworld00bensuoft/lordofworld00bensuoft.epub	http://bit.ly/1jx3RQ6	https://www.amazon.com/gp/digital/fiona/web-to-kindle?clientid=IA&itemid=lordofworld00bensuoft&docid=lordofworld00bensuoft	http://amzn.to/1jx3PYk
0	http://openlibrary.org/books/OL5232185M	http://bit.ly/1jx3PYD	https://archive.org/download/marriageofheaven01blak/marriageofheaven01blak.epub	http://bit.ly/1jx3S6B	https://www.amazon.com/gp/digital/fiona/web-to-kindle?clientid=IA&itemid=marriageofheaven01blak&docid=marriageofheaven01blak	http://amzn.to/1jx3PYB
0	http://openlibrary.org/books/OL7120149M	http://bit.ly/1jx3Qf1	https://archive.org/download/missingprince00farriala/missingprince00farriala.epub	http://bit.ly/1jx3QeT	https://www.amazon.com/gp/digital/fiona/web-to-kindle?clientid=IA&itemid=missingprince00farriala&docid=missingprince00farriala	http://amzn.to/1jx3Sn2
0	http://openlibrary.org/books/OL7184792M	http://bit.ly/1jx3SDw	https://archive.org/download/napoleonofnottin00chesrich/napoleonofnottin00chesrich.epub	http://bit.ly/1jx3Sne	https://www.amazon.com/gp/digital/fiona/web-to-kindle?clientid=IA&itemid=napoleonofnottin00chesrich&docid=napoleonofnottin00chesrich	http://amzn.to/1jx3Sng
0	http://openlibrary.org/books/OL7069781M	http://bit.ly/1jx3Tr9	https://archive.org/download/thepleasuresofli01lubbuoft/thepleasuresofli01lubbuoft.epub	http://bit.ly/1jx3SDB	https://www.amazon.com/gp/digital/fiona/web-to-kindle?clientid=IA&itemid=thepleasuresofli01lubbuoft&docid=thepleasuresofli01lubbuoft	http://amzn.to/1jx3Tr3
0	http://openlibrary.org/books/OL25265941M	http://bit.ly/1jx3SUa	https://archive.org/download/pollyannaporter/pollyannaporter.epub	http://bit.ly/1jx3SU6	https://www.amazon.com/gp/digital/fiona/web-to-kindle?clientid=IA&itemid=pollyannaporter&docid=pollyannaporter	http://amzn.to/1jx3Trj
0	http://openlibrary.org/books/OL20455369M	http://bit.ly/1jx3VPO	https://archive.org/download/raggeddickorstr00algegoog/raggeddickorstr00algegoog.epub	http://bit.ly/1jx3SUi	https://www.amazon.com/gp/digital/fiona/web-to-kindle?clientid=IA&itemid=raggeddickorstr00algegoog&docid=raggeddickorstr00algegoog	http://amzn.to/1jx3THM
0	http://openlibrary.org/books/OL23330464M	http://bit.ly/1jx3W6q	https://archive.org/download/riverbyburr00burruoft/riverbyburr00burruoft.epub	http://bit.ly/1jx3W6c	https://www.amazon.com/gp/digital/fiona/web-to-kindle?clientid=IA&itemid=riverbyburr00burruoft&docid=riverbyburr00burruoft	http://amzn.to/1jx3TYf
0	http://openlibrary.org/books/OL13445329M	http://bit.ly/1jx3WmR	https://archive.org/download/scottishchiefs00port/scottishchiefs00port.epub	http://bit.ly/1jx3W6v	https://www.amazon.com/gp/digital/fiona/web-to-kindle?clientid=IA&itemid=scottishchiefs00port&docid=scottishchiefs00port	http://amzn.to/1jx3WmO
0	http://openlibrary.org/books/OL23341716M	http://bit.ly/1jx3ULF	https://archive.org/download/storeboyorfortun00alge/storeboyorfortun00alge.epub	http://bit.ly/1jx3Uvn	https://www.amazon.com/gp/digital/fiona/web-to-kindle?clientid=IA&itemid=storeboyorfortun00alge&docid=storeboyorfortun00alge	http://amzn.to/1jx3WDx
0	http://openlibrary.org/books/OL6902494M	http://bit.ly/1jx3WU2	https://archive.org/download/talesatraveler00irvigoog/talesatraveler00irvigoog.epub	http://bit.ly/1jx3ULU	https://www.amazon.com/gp/digital/fiona/web-to-kindle?clientid=IA&itemid=talesatraveler00irvigoog&docid=talesatraveler00irvigoog	http://amzn.to/1jx3V2b
0	http://openlibrary.org/books/OL7128349M	http://bit.ly/1jx3Xat	https://archive.org/download/teethoftiger00lebliala/teethoftiger00lebliala.epub	http://bit.ly/1jx3V2g	https://www.amazon.com/gp/digital/fiona/web-to-kindle?clientid=IA&itemid=teethoftiger00lebliala&docid=teethoftiger00lebliala	http://amzn.to/1jx3V2m
0	http://openlibrary.org/books/OL24785998M	http://bit.ly/1jx3XqS	https://archive.org/download/tractatuslogicop1971witt/tractatuslogicop1971witt.epub	http://bit.ly/1jx3Xay	https://www.amazon.com/gp/digital/fiona/web-to-kindle?clientid=IA&itemid=tractatuslogicop1971witt&docid=tractatuslogicop1971witt	http://amzn.to/1jx3ViJ
0	http://openlibrary.org/books/OL6551766M	http://bit.ly/1jx3Vzb	https://archive.org/download/villageblacksmit00long/villageblacksmit00long.epub	http://bit.ly/1jx3ViR	https://www.amazon.com/gp/digital/fiona/web-to-kindle?clientid=IA&itemid=villageblacksmit00long&docid=villageblacksmit00long	http://amzn.to/1jx3ViT
